<Screen xmlns="runtime-namespace:Game">
  <GameWidget Name="Game">

    <GameViewWidget Name="View" />

    <ClearWidget ClearColor="false" ClearDepth="true" />

    <CanvasWidget Name="ControlsContainer" IsHitTestVisible="false">

      <StackPanelWidget Name="MoveContainer" Direction="Vertical" IsInverted="true" HorizontalAlignment="Far" VerticalAlignment="Far" IsHitTestVisible="false">
        <CanvasWidget Name="MoveButtonsContainer" Size="224, 224">
          <MoveRoseWidget Name="MoveRose" />
        </CanvasWidget>

        <CanvasWidget Name="MovePadContainer" Size="160, 160">
          <CanvasWidget Name="MoveRectangleContainer" Size="160, 160">
            <RectangleWidget Name="MoveRectangle" Subtexture="{Textures/Atlas/TouchController}" FillColor="255, 255, 255" OutlineColor="0, 0, 0, 0" FlipHorizontal="true" />
            <LabelWidget Text="Move" Font="{Fonts/Pericles32}" HorizontalAlignment="Near" VerticalAlignment="Far" Margin="11, 4" DropShadow="false" FontScale="1.5" />
          </CanvasWidget>
          <TouchInputWidget Name="Move" />
        </CanvasWidget>
      </StackPanelWidget>

      <StackPanelWidget Name="LookContainer" Direction="Vertical" IsInverted="true" HorizontalAlignment="Near" VerticalAlignment="Far" IsHitTestVisible="false">
        <CanvasWidget Name="LookPadContainer" Size="160, 160">
          <CanvasWidget Name="LookRectangleContainer" Size="160, 160">
            <RectangleWidget Name="LookRectangle" Subtexture="{Textures/Atlas/TouchController}" FillColor="255, 255, 255" OutlineColor="0, 0, 0, 0" FlipHorizontal="false" />
            <LabelWidget Text="Look" Font="{Fonts/Pericles32}" HorizontalAlignment="Near" VerticalAlignment="Far" Margin="22, 4" DropShadow="false" FontScale="1.5" />
          </CanvasWidget>
          <TouchInputWidget Name="Look" />
        </CanvasWidget>
      </StackPanelWidget>

      <CanvasWidget Name="TargetStateCanvas" HorizontalAlignment="Near" VerticalAlignment="Near" Margin="80, 0">
        <TargetStateWidget Name="TargetState" HorizontalAlignment="Center" IsVisible="false"/>
      </CanvasWidget>

      <CanvasWidget Name="ModalPanelContainer" HorizontalAlignment="Center" VerticalAlignment="Near" Margin="0, 5" IsHitTestVisible="false" />

      <StackPanelWidget Direction="Vertical" VerticalAlignment="Far" HorizontalAlignment="Center" IsHitTestVisible="false">
        <MessageWidget Name="Message" HorizontalAlignment="Center" VerticalAlignment="Far" Margin="140, 6" IsHitTestVisible="false"/>
        <StackPanelWidget Direction="Horizontal" HorizontalAlignment="Center" VerticalAlignment="Near">
          <ValueBarWidget Name="TemperatureBar" LayoutDirection="Horizontal" BarsCount="8" BarBlending="false" HalfBars="true" BarSize="16, 16" Spacing="-2" BarSubtexture="{Textures/Atlas/TemperatureBar}" TextureLinearFilter="true" Margin="12, 2"/>
          <ValueBarWidget Name="HealthBar" LayoutDirection="Horizontal" BarsCount="8" BarBlending="false" HalfBars="true" LitBarColor="224, 24, 0" UnlitBarColor="64, 64, 64, 255" BarSize="16, 16" BarSubtexture="{Textures/Atlas/HealthBar}" TextureLinearFilter="true" Margin="12, 2"/>
          <ValueBarWidget Name="FoodBar" LayoutDirection="Horizontal" BarsCount="8" BarBlending="false" HalfBars="true" LitBarColor="192, 128, 0" UnlitBarColor="64, 64, 64, 255" BarSize="16, 16" Spacing="-2" BarSubtexture="{Textures/Atlas/FoodBar}" TextureLinearFilter="true" Margin="12, 2"/>
        </StackPanelWidget>
        <ShortInventoryWidget Name="ShortInventory" HorizontalAlignment="Center" />
      </StackPanelWidget>

      <StackPanelWidget Name="LeftControlsContainer" Direction="Vertical" HorizontalAlignment="Near" VerticalAlignment="Near" IsHitTestVisible="false">
        <BitmapButtonWidget Name="BackButton" Text="" Size="64, 64" NormalSubtexture="{Textures/Atlas/BackButton}" ClickedSubtexture="{Textures/Atlas/BackButton_Pressed}" Margin="0, 3" />
        <BitmapButtonWidget Name="ClothingButton" Text="" Size="64, 64" NormalSubtexture="{Textures/Atlas/ClothingButton}" ClickedSubtexture="{Textures/Atlas/ClothingButton_Pressed}" Margin="0, 3" />
        <BitmapButtonWidget Name="InventoryButton" Text="" Size="64, 64" NormalSubtexture="{Textures/Atlas/InventoryButton}" ClickedSubtexture="{Textures/Atlas/InventoryButton_Pressed}" Margin="0, 3" />
      </StackPanelWidget>

      <StackPanelWidget Name="RightControlsContainer" Direction="Vertical" HorizontalAlignment="Far" VerticalAlignment="Near" IsHitTestVisible="false">
        <StackPanelWidget Direction="Horizontal" HorizontalAlignment="Far">
          <StackPanelWidget Name="MoreContents" Direction="Horizontal" HorizontalAlignment="Far" IsVisible="false" Margin="4, 3">
            <BitmapButtonWidget Name="HelpButton" Text="" Size="68, 64" NormalSubtexture="{Textures/Atlas/HelpButton}" ClickedSubtexture="{Textures/Atlas/HelpButton_Pressed}" Margin="4, 0" />
            <BitmapButtonWidget Name="PhotoButton" Text="" Size="68, 64" NormalSubtexture="{Textures/Atlas/PhotoButton}" ClickedSubtexture="{Textures/Atlas/PhotoButton_Pressed}" Margin="4, 0" />
            <BitmapButtonWidget Name="CameraButton" Text="" Size="68, 64" NormalSubtexture="{Textures/Atlas/CameraButton}" ClickedSubtexture="{Textures/Atlas/CameraButton_Pressed}" Margin="4, 0" />
            <BitmapButtonWidget Name="LightningButton" Text="" Size="68, 64" NormalSubtexture="{Textures/Atlas/LightningButton}" ClickedSubtexture="{Textures/Atlas/LightningButton_Pressed}" Margin="4, 0" />
            <BitmapButtonWidget Name="TimeOfDayButton" Text="" Size="68, 64" NormalSubtexture="{Textures/Atlas/TimeOfDayButton}" ClickedSubtexture="{Textures/Atlas/TimeOfDayButton_Pressed}" Margin="4, 0" />
          </StackPanelWidget>
          <BitmapButtonWidget Name="MoreButton" HorizontalAlignment="Far" Text="" Size="64, 64" NormalSubtexture="{Textures/Atlas/MoreButton}" ClickedSubtexture="{Textures/Atlas/MoreButton_Pressed}" Margin="0, 3" IsAutoCheckingEnabled="true" />
        </StackPanelWidget>
        <BitmapButtonWidget Name="CreativeFlyButton" HorizontalAlignment="Far" Text="" Size="64, 64" NormalSubtexture="{Textures/Atlas/CreativeFlyButton}" ClickedSubtexture="{Textures/Atlas/CreativeFlyButton_Pressed}" Margin="0, 3" />
        <BitmapButtonWidget Name="SneakButton" HorizontalAlignment="Far" Text="" Size="64, 64" NormalSubtexture="{Textures/Atlas/SneakButton}" ClickedSubtexture="{Textures/Atlas/SneakButton_Pressed}" Margin="0, 3" />
        <BitmapButtonWidget Name="MountButton" HorizontalAlignment="Far" Text="" Size="64, 64" NormalSubtexture="{Textures/Atlas/MountButton}" ClickedSubtexture="{Textures/Atlas/MountButton_Pressed}" Margin="0, 3" />
        <BitmapButtonWidget Name="EditItemButton" HorizontalAlignment="Far" Text="" Size="64, 64" NormalSubtexture="{Textures/Atlas/EditItemButton}" ClickedSubtexture="{Textures/Atlas/EditItemButton_Pressed}" Margin="0, 3" />
      </StackPanelWidget>

      <DragHostWidget Name="DragHost" />

    </CanvasWidget>

    <CanvasWidget Name="LargeMessage" HorizontalAlignment="Center" VerticalAlignment="Near" Margin="0, 40" IsVisible="false">
      <StackPanelWidget Direction="Vertical">
        <LabelWidget Name="LargeLabel" Text="" Font="{Fonts/Pericles32}" FontScale="2" HorizontalAlignment="Center" Margin="0, 10"/>
        <LabelWidget Name="SmallLabel" Text="" Font="{Fonts/Pericles24}" FontScale="1" HorizontalAlignment="Center" DropShadow="true" TextAnchor="HorizontalCenter" Margin="0, 10"/>
      </StackPanelWidget>
    </CanvasWidget>

  </GameWidget>
</Screen>
